region,date,consumption_liters,day_of_week,is_weekend,month,day,lag_1,lag_7,rolling_mean_7,rolling_std_7
Central,2023-01-08,15229.46,6,1,1,8,13596.9,14490.8,10624.1,4925.797910196885
Central,2023-01-09,15022.47,0,0,1,9,15229.46,5916.42,10729.622857142856,5029.2633098454035
Central,2023-01-10,12656.97,1,0,1,10,15022.47,18360.53,12030.487142857144,4746.521818790801
Central,2023-01-11,14112.66,2,0,1,11,12656.97,9499.28,11215.692857142858,3891.2856992332418
Central,2023-01-12,14876.42,3,0,1,12,14112.66,5872.65,11874.747142857143,3942.4718140684035
Central,2023-01-13,14435.92,4,0,1,13,14876.42,6632.12,13160.999999999998,3018.3397469966826
Central,2023-01-14,8748.17,5,1,1,14,14435.92,13596.9,14275.82857142857,909.3492834701165
Central,2023-01-15,15613.66,6,1,1,15,8748.17,15229.46,13583.152857142859,2298.440213026464
Central,2023-01-16,11779.96,0,0,1,16,15613.66,15022.47,13638.03857142857,2348.3508196989965
Central,2023-01-17,15457.08,1,0,1,17,11779.96,12656.97,13174.822857142857,2349.5507884750664
Central,2023-01-18,18804.31,2,0,1,18,15457.08,14112.66,13574.838571428572,2481.3561993556964
Central,2023-01-19,13651.73,3,0,1,19,18804.31,14876.42,14245.074285714287,3184.7652889124975
Central,2023-01-20,19178.85,4,0,1,20,13651.73,14435.92,14070.118571428571,3177.9336365392555
Central,2023-01-21,18688.9,5,1,1,21,19178.85,8748.17,14747.680000000002,3727.0916473661696
Central,2023-01-22,14241.69,6,1,1,22,18688.9,15613.66,16167.784285714284,2851.008431513648
Central,2023-01-23,7169.29,0,0,1,23,14241.69,11779.96,15971.788571428571,2941.183993243927
Central,2023-01-24,19739.44,1,0,1,24,7169.29,15457.08,15313.121428571429,4257.914927615897
Central,2023-01-25,13861.05,2,0,1,25,19739.44,18804.31,15924.887142857142,4577.677871769755
Central,2023-01-26,17515.2,3,0,1,26,13861.05,13651.73,15218.707142857142,4438.624497922429
Central,2023-01-27,18784.99,4,0,1,27,17515.2,19178.85,15770.631428571429,4451.4874622213965
Central,2023-01-28,9126.06,5,1,1,28,18784.99,18688.9,15714.365714285714,4403.458616250251
Central,2023-01-29,10160.18,6,1,1,29,9126.06,14241.69,14348.245714285715,4792.99171877321
Central,2023-01-30,14899.63,0,0,1,30,10160.18,7169.29,13765.172857142858,5049.510542404792
Central,2023-01-31,14875.38,1,0,1,31,14899.63,19739.44,14869.507142857141,4127.747229598385
Central,2023-02-01,9014.12,2,0,2,1,14875.38,13861.05,14174.641428571429,3538.6839144868
Central,2023-02-02,12027.07,3,0,2,2,9014.12,17515.2,13482.222857142857,4047.8438821209265
Central,2023-02-03,16376.68,4,0,2,3,12027.07,18784.99,12698.204285714286,3648.2874960856966
Central,2023-02-04,15782.91,5,1,2,4,16376.68,9126.06,12354.16,3041.7557396948673
Central,2023-02-05,6531.03,6,1,2,5,15782.91,10160.18,13305.138571428572,2901.6904018487144
Central,2023-02-06,12386.61,0,0,2,6,6531.03,14899.63,12786.68857142857,3755.775393379414
Central,2023-02-07,14436.93,1,0,2,7,12386.61,14875.38,12427.685714285715,3638.4166166015007
Central,2023-02-08,17533.61,2,0,2,8,14436.93,9014.12,12365.050000000001,3592.743740518288
Central,2023-02-09,9389.69,3,0,2,9,17533.61,12027.07,13582.119999999999,3709.5217666746935
Central,2023-02-10,15963.13,4,0,2,10,9389.69,16376.68,13205.351428571428,4015.1363059487317
Central,2023-02-11,10765.2,5,1,2,11,15963.13,15782.91,13146.272857142858,3963.405588000108
Central,2023-02-12,15870.36,6,1,2,12,10765.2,6531.03,12429.457142857142,3859.4555375973027
Central,2023-02-13,18043.51,0,0,2,13,15870.36,12386.61,13763.647142857142,2998.8973334695
Central,2023-02-14,16733.92,1,0,2,14,18043.51,14436.93,14571.775714285714,3311.842477322138
Central,2023-02-15,13078.25,2,0,2,15,16733.92,17533.61,14899.917142857144,3408.634881521312
Central,2023-02-16,18728.1,3,0,2,16,13078.25,9389.69,14263.437142857143,3247.027772028414
Central,2023-02-17,8891.92,4,0,2,17,18728.1,15963.13,15597.495714285715,2798.242109651803
Central,2023-02-18,12095.12,5,1,2,18,8891.92,10765.2,14587.322857142857,3756.5246848060424
Central,2023-02-19,5356.78,6,1,2,19,12095.12,15870.36,14777.311428571427,3559.4627073592087
Central,2023-02-20,12624.77,0,0,2,20,5356.78,18043.51,13275.371428571429,4962.854344401779
Central,2023-02-21,12042.95,1,0,2,21,12624.77,16733.92,12501.265714285712,4495.794305918428
Central,2023-02-22,12800.38,2,0,2,22,12042.95,13078.25,11831.127142857145,4091.130440842783
Central,2023-02-23,14165.11,3,0,2,23,12800.38,18728.1,11791.43142857143,4078.341066661085
Central,2023-02-24,19606.41,4,0,2,24,14165.11,8891.92,11139.575714285715,3009.423065444366
Central,2023-02-25,18361.26,5,1,2,25,19606.41,12095.12,12670.217142857144,4174.826292848258
Central,2023-02-26,9666.48,6,1,2,26,18361.26,5356.78,13565.38,4673.02656646275
Central,2023-02-27,19398.5,0,0,2,27,9666.48,12624.77,14181.051428571427,3563.4723664679836
Central,2023-02-28,9809.35,1,0,2,28,19398.5,12042.95,15148.727142857142,3967.261766297226
Central,2023-03-01,6030.27,2,0,3,1,9809.35,12800.38,14829.641428571427,4331.76989030053
Central,2023-03-02,12287.83,3,0,3,2,6030.27,14165.11,13862.482857142857,5467.30658812824
Central,2023-03-03,9555.01,4,0,3,3,12287.83,19606.41,13594.300000000001,5495.955211037779
Central,2023-03-04,11658.51,5,1,3,4,9555.01,18361.26,12158.385714285714,4949.252305331438
Central,2023-03-05,16300.97,6,1,3,5,11658.51,9666.48,11200.850000000002,4129.7032602718555
Central,2023-03-06,9948.57,0,0,3,6,16300.97,19398.5,12148.634285714284,4466.459475154255
Central,2023-03-07,16919.26,1,0,3,7,9948.57,9809.35,10798.644285714287,3141.6020447263154
Central,2023-03-08,11888.2,2,0,3,8,16919.26,6030.27,11814.345714285713,3840.1316869514453
Central,2023-03-09,10226.13,3,0,3,9,11888.2,12287.83,12651.192857142856,2890.42669405236
Central,2023-03-10,15188.21,4,0,3,10,10226.13,9555.01,12356.664285714285,3035.0471325711815
Central,2023-03-11,15575.81,5,1,3,11,15188.21,11658.51,13161.407142857142,2912.735641802013
Central,2023-03-12,7898.88,6,1,3,12,15575.81,16300.97,13721.021428571428,2951.9100541650864
Central,2023-03-13,11336.73,0,0,3,13,7898.88,9948.57,12520.722857142857,3401.931249705641
Central,2023-03-14,8180.11,1,0,3,14,11336.73,16919.26,12719.031428571428,3264.695036933914
Central,2023-03-15,16615.46,2,0,3,15,8180.11,11888.2,11470.581428571428,3055.0204028256394
Central,2023-03-16,10248.69,3,0,3,16,16615.46,10226.13,12145.904285714287,3630.9282900283984
Central,2023-03-17,7583.38,4,0,3,17,10248.69,15188.21,12149.127142857144,3628.9497450856384
Central,2023-03-18,17633.41,5,1,3,18,7583.38,15575.81,11062.722857142859,3705.0362114726754
Central,2023-03-19,19129.64,6,1,3,19,17633.41,7898.88,11356.665714285715,4174.624077234806
Central,2023-03-20,8042.01,0,0,3,20,19129.64,11336.73,12961.06,4743.578064949141
Central,2023-03-21,6296.97,1,0,3,21,8042.01,8180.11,12490.385714285714,5082.9299641147145
Central,2023-03-22,10766.1,2,0,3,22,6296.97,16615.46,12221.365714285714,5389.656471343532
Central,2023-03-23,14613.05,3,0,3,23,10766.1,10248.69,11385.742857142859,5036.735981207517
Central,2023-03-24,8300.73,4,0,3,24,14613.05,7583.38,12009.222857142857,5141.559216942248
Central,2023-03-25,5592.19,5,1,3,25,8300.73,17633.41,12111.701428571429,5044.883684818471
Central,2023-03-26,18147.59,6,1,3,26,5592.19,19129.64,10391.527142857143,4899.096431434113
Central,2023-03-27,11067.78,0,0,3,27,18147.59,8042.01,10251.234285714285,4612.862365284909
Central,2023-03-28,13572.09,1,0,3,28,11067.78,6296.97,10683.487142857144,4512.005696615471
Central,2023-03-29,14810.61,2,0,3,29,13572.09,10766.1,11722.789999999999,4157.13469546433
Central,2023-03-30,18996.97,3,0,3,30,14810.61,14613.05,12300.577142857142,4281.221087037021
Central,2023-03-31,16736.44,4,0,3,31,18996.97,8300.73,12926.851428571428,4945.060400576275
Central,2023-04-01,7218.42,5,1,4,1,16736.44,5592.19,14131.952857142856,4648.795787293427
Central,2023-04-02,5500.97,6,1,4,2,7218.42,18147.59,14364.271428571428,4166.5212730343255
Central,2023-04-03,14236.99,0,0,4,3,5500.97,11067.78,12557.611428571428,4925.374223066466
Central,2023-04-04,18538.52,1,0,4,4,14236.99,13572.09,13010.355714285713,4911.241194212369
Central,2023-04-05,16429.5,2,0,4,5,18538.52,14810.61,13719.845714285713,5345.452318681292
Central,2023-04-06,11207.14,3,0,4,6,16429.5,18996.97,13951.115714285714,5434.78337315253
Central,2023-04-07,11295.84,4,0,4,7,11207.14,16736.44,12838.282857142856,5010.342642157697
Central,2023-04-08,14508.65,5,1,4,8,11295.84,7218.42,12061.054285714286,4718.335007223969
Central,2023-04-09,19041.67,6,1,4,9,14508.65,5500.97,13102.515714285715,4252.905595930293
Central,2023-04-10,8321.07,0,0,4,10,19041.67,14236.99,15036.901428571427,3157.5400707165845
Central,2023-04-11,11385.97,1,0,4,11,8321.07,18538.52,14191.770000000002,4067.8241389306168
Central,2023-04-12,9749.35,2,0,4,12,11385.97,16429.5,13169.977142857142,3673.1687711643613
Central,2023-04-13,17508.76,3,0,4,13,9749.35,11207.14,12215.67,3550.9223886806235
Central,2023-04-14,18956.91,4,0,4,14,17508.76,11295.84,13115.901428571427,4020.3866206059797
Central,2023-04-15,12198.81,5,1,4,15,18956.91,14508.65,14210.34,4460.964740505497
Central,2023-04-16,8524.45,6,1,4,16,12198.81,19041.67,13880.362857142856,4520.256411925886
Central,2023-04-17,17716.59,0,0,4,17,8524.45,8321.07,12377.902857142855,4259.133654601263
Central,2023-04-18,5067.01,1,0,4,18,17716.59,11385.97,13720.119999999999,4248.0226085203385
Central,2023-04-19,9596.6,2,0,4,19,5067.01,9749.35,12817.41142857143,5354.09584010356
Central,2023-04-20,16909.53,3,0,4,20,9596.6,17508.76,12795.59,5368.974850872367
Central,2023-04-21,11438.55,4,0,4,21,16909.53,18956.91,12709.985714285713,5285.429341033882
Central,2023-04-22,5747.78,5,1,4,22,11438.55,12198.81,11635.934285714286,4511.687791355014
Central,2023-04-23,7737.67,6,1,4,23,5747.78,8524.45,10714.358571428571,5008.998229893973
Central,2023-04-24,18801.8,0,0,4,24,7737.67,17716.59,10601.961428571429,5074.723688348062
Central,2023-04-25,18027.39,1,0,4,25,18801.8,5067.01,10756.99142857143,5338.0410867078335
Central,2023-04-26,14518.63,2,0,4,26,18027.39,9596.6,12608.474285714286,5282.912410122709
Central,2023-04-27,14643.47,3,0,4,27,14518.63,16909.53,13311.621428571427,5140.871813329029
Central,2023-04-28,7470.05,4,0,4,28,14643.47,11438.55,12987.89857142857,4944.132500882324
Central,2023-04-29,10228.03,5,1,4,29,7470.05,5747.78,12420.97,5361.327462227363
Central,2023-04-30,19062.32,6,1,4,30,10228.03,7737.67,13061.005714285713,4652.472353526512
Central,2023-05-01,15420.16,0,0,5,1,19062.32,18801.8,14678.812857142857,4457.76035639988
Central,2023-05-02,17078.91,1,0,5,2,15420.16,18027.39,14195.721428571427,4105.823012870162
Central,2023-05-03,18240.75,2,0,5,3,17078.91,14518.63,14060.224285714285,3971.760139727536
Central,2023-05-04,19378.97,3,0,5,4,18240.75,14643.47,14591.955714285714,4280.513265742224
Central,2023-05-05,11443.84,4,0,5,5,19378.97,7470.05,15268.455714285714,4648.4056264696965
Central,2023-05-06,8886.86,5,1,5,6,11443.84,10228.03,15836.140000000001,3678.830084614747
Central,2023-05-07,19654.94,6,1,5,7,8886.86,19062.32,15644.544285714286,4037.0652928204086
Central,2023-05-08,14127.66,0,0,5,8,19654.94,15420.16,15729.204285714284,4125.919873470051
East,2023-01-08,17857.78,6,1,1,8,16329.11,17241.79,14877.254285714285,3786.108213944134
East,2023-01-09,6877.01,0,0,1,9,17857.78,15984.7,14965.252857142856,3856.725523799148
East,2023-01-10,17829.12,1,0,1,10,6877.01,17286.15,13664.154285714287,4861.007923373015
East,2023-01-11,9957.4,2,0,1,11,17829.12,17615.41,13741.721428571429,4932.246918695469
East,2023-01-12,18187.23,3,0,1,12,9957.4,12398.24,12647.72,4776.681373230441
East,2023-01-13,5635.14,4,0,1,13,18187.23,7285.38,13474.718571428572,5207.951515997527
East,2023-01-14,19150.84,5,1,1,14,5635.14,16329.11,13238.970000000001,5560.254677338679
East,2023-01-15,8684.84,6,1,1,15,19150.84,17857.78,13642.074285714287,5912.731780973035
East,2023-01-16,18106.06,0,0,1,16,8684.84,6877.01,12331.654285714287,5838.720974973477
East,2023-01-17,15463.68,1,0,1,17,18106.06,17829.12,13935.804285714285,5629.113492276432
East,2023-01-18,8219.51,2,0,1,18,15463.68,9957.4,13597.884285714286,5423.693079381295
East,2023-01-19,12929.02,3,0,1,19,8219.51,18187.23,13349.614285714286,5653.037500441265
East,2023-01-20,9812.18,4,0,1,20,12929.02,5635.14,12598.44142857143,5237.135779114471
East,2023-01-21,19010.03,5,1,1,21,9812.18,19150.84,13195.161428571428,4497.197454483656
East,2023-01-22,15764.87,6,1,1,22,19010.03,8684.84,13175.045714285716,4466.327097119275
East,2023-01-23,16186.97,0,0,1,23,15764.87,18106.06,14186.478571428572,4063.5110830718327
East,2023-01-24,8291.5,1,0,1,24,16186.97,15463.68,13912.322857142859,3811.942895347525
East,2023-01-25,7534.53,2,0,1,25,8291.5,8219.51,12887.725714285714,4262.702532724425
East,2023-01-26,12528.03,3,0,1,26,7534.53,12929.02,12789.871428571429,4393.579320377362
East,2023-01-27,18784.46,4,0,1,27,12528.03,9812.18,12732.587142857143,4394.076764041618
East,2023-01-28,14190.78,5,1,1,28,18784.46,19010.03,14014.34142857143,4698.290336318904
East,2023-01-29,11718.03,6,1,1,29,14190.78,15764.87,13325.877142857145,4167.332025487905
East,2023-01-30,6726.07,0,0,1,30,11718.03,16186.97,12747.757142857143,4051.684102541862
East,2023-01-31,11404.25,1,0,1,31,6726.07,8291.5,11396.199999999999,4284.515694093477
East,2023-02-01,7789.66,2,0,2,1,11404.25,7534.53,11840.878571428571,4064.4634309029766
East,2023-02-02,13903.64,3,0,2,2,7789.66,12528.03,11877.325714285715,4020.3153487873583
East,2023-02-03,7844.23,4,0,2,3,13903.64,18784.46,12073.841428571428,4090.4322827276987
East,2023-02-04,9105.29,5,1,2,4,7844.23,14190.78,10510.951428571427,3059.1026112866703
East,2023-02-05,17165.08,6,1,2,5,9105.29,11718.03,9784.452857142856,2610.517101870262
East,2023-02-06,11975.14,0,0,2,6,17165.08,6726.07,10562.602857142858,3816.305188091896
East,2023-02-07,15079.0,1,0,2,7,11975.14,11404.25,11312.47,3433.2997593277496
East,2023-02-08,18500.59,2,0,2,8,15079.0,7789.66,11837.434285714286,3718.7474501497445
East,2023-02-09,13206.44,3,0,2,9,18500.59,13903.64,13367.567142857142,3970.6950917344197
East,2023-02-10,13062.83,4,0,2,10,13206.44,7844.23,13267.967142857142,3963.7453625988405
East,2023-02-11,14682.61,5,1,2,11,13062.83,9105.29,14013.481428571427,3188.580655983834
East,2023-02-12,11837.31,6,1,2,12,14682.61,17165.08,14810.24142857143,2342.2170430557826
East,2023-02-13,16213.93,0,0,2,13,11837.31,11975.14,14049.131428571429,2314.9485817718787
East,2023-02-14,17638.82,1,0,2,14,16213.93,15079.0,14654.672857142858,2235.026885540864
East,2023-02-15,9389.84,2,0,2,15,17638.82,18500.59,15020.361428571428,2508.6867348503897
East,2023-02-16,11969.18,3,0,2,16,9389.84,13206.44,13718.825714285716,2753.5997331060867
East,2023-02-17,12433.71,4,0,2,17,11969.18,13062.83,13542.074285714287,2830.6036598156775
East,2023-02-18,10223.9,5,1,2,18,12433.71,14682.61,13452.2,2858.2091440737277
East,2023-02-19,13593.34,6,1,2,19,10223.9,11837.31,12815.24142857143,3029.9657764152416
East,2023-02-20,18435.08,0,0,2,20,13593.34,16213.93,13066.102857142858,3008.1202034643625
East,2023-02-21,7999.63,1,0,2,21,18435.08,17638.82,13383.41,3476.229663246279
East,2023-02-22,12081.92,2,0,2,22,7999.63,9389.84,12006.382857142857,3418.2886211510095
East,2023-02-23,19024.6,3,0,2,23,12081.92,11969.18,12390.965714285714,3220.5657914816616
East,2023-02-24,8078.12,4,0,2,24,19024.6,12433.71,13398.882857142858,4060.9560857705847
East,2023-02-25,15108.11,5,1,2,25,8078.12,10223.9,12776.655714285715,4539.034008831457
East,2023-02-26,11118.31,6,1,2,26,15108.11,13593.34,13474.4,4455.860675032379
East,2023-02-27,11009.88,0,0,2,27,11118.31,18435.08,13120.824285714287,4542.210713521399
East,2023-02-28,18884.88,1,0,2,28,11009.88,7999.63,12060.08142857143,3918.516154402617
East,2023-03-01,11969.35,2,0,3,1,18884.88,12081.92,13615.117142857143,4189.118251329725
East,2023-03-02,12302.08,3,0,3,2,11969.35,19024.6,13599.035714285714,4196.19502376799
East,2023-03-03,18724.1,4,0,3,3,12302.08,8078.12,12638.675714285713,3450.5464075556556
East,2023-03-04,13214.1,5,1,3,4,18724.1,15108.11,14159.529999999999,3451.578360441303
East,2023-03-05,18665.33,6,1,3,5,13214.1,11118.31,13888.957142857142,3439.038752348852
East,2023-03-06,15747.33,0,0,3,6,18665.33,11009.88,14967.102857142858,3604.681910435902
East,2023-03-07,15973.12,1,0,3,7,15747.33,18884.88,15643.881428571429,3154.5027886785856
East,2023-03-08,16418.8,2,0,3,8,15973.12,11969.35,15227.915714285715,2831.326574575115
East,2023-03-09,12545.7,3,0,3,9,16418.8,12302.08,15863.551428571429,2451.8763756929043
East,2023-03-10,8752.56,4,0,3,10,12545.7,18724.1,15898.354285714286,2393.9426080412327
East,2023-03-11,14342.74,5,1,3,11,8752.56,13214.1,14473.848571428573,3247.0188554345714
East,2023-03-12,19757.04,6,1,3,12,14342.74,18665.33,14635.082857142857,3201.745258848236
East,2023-03-13,18829.97,0,0,3,13,19757.04,15747.33,14791.04142857143,3447.9058287624825
East,2023-03-14,12796.31,1,0,3,14,18829.97,15973.12,15231.41857142857,3772.029948663492
East,2023-03-15,7460.49,2,0,3,15,12796.31,16418.8,14777.588571428572,3858.047015975955
East,2023-03-16,10807.93,3,0,3,16,7460.49,12545.7,13497.83,4631.2173203093525
East,2023-03-17,14443.46,4,0,3,17,10807.93,8752.56,13249.577142857144,4736.149056514567
East,2023-03-18,9832.65,5,1,3,18,14443.46,14342.74,14062.562857142857,4304.304434809859
East,2023-03-19,10680.47,6,1,3,19,9832.65,19757.04,13418.264285714287,4583.849165071707
East,2023-03-20,15276.87,0,0,3,20,10680.47,18829.97,12121.611428571428,3688.186514175717
East,2023-03-21,15634.92,1,0,3,21,15276.87,12796.31,11614.025714285714,2731.4952470631492
East,2023-03-22,18409.46,2,0,3,22,15634.92,7460.49,12019.541428571427,3119.430810027308
East,2023-03-23,6962.91,3,0,3,23,18409.46,10807.93,13583.680000000002,3196.4953359890906
East,2023-03-24,14164.75,4,0,3,24,6962.91,14443.46,13034.391428571427,3985.8766577648003
East,2023-03-25,18867.01,5,1,3,25,14164.75,9832.65,12994.575714285715,3970.8188829839514
East,2023-03-26,15728.65,6,1,3,26,18867.01,10680.47,14285.19857142857,4231.472838750234
East,2023-03-27,18956.82,0,0,3,27,15728.65,15276.87,15006.367142857142,3934.485767004013
East,2023-03-28,15949.99,1,0,3,28,18956.82,15634.92,15532.074285714285,4212.667394991989
East,2023-03-29,13860.55,2,0,3,29,15949.99,18409.46,15577.084285714285,4215.631516304754
East,2023-03-30,18959.34,3,0,3,30,13860.55,6962.91,14927.240000000002,4053.7503023948925
East,2023-03-31,13981.21,4,0,3,31,18959.34,14164.75,16641.015714285713,2268.091589639904
East,2023-04-01,17661.12,5,1,4,1,13981.21,18867.01,16614.795714285716,2302.2922955600725
East,2023-04-02,8902.07,6,1,4,2,17661.12,15728.65,16442.52571428571,2145.455877623355
East,2023-04-03,11559.64,0,0,4,3,8902.07,18956.82,15467.3,3589.5515742220527
East,2023-04-04,12082.56,1,0,4,4,11559.64,15949.99,14410.56,3478.156692751684
East,2023-04-05,18372.85,2,0,4,5,12082.56,13860.55,13858.069999999998,3499.963493866757
East,2023-04-06,12453.23,3,0,4,6,18372.85,18959.34,14502.684285714286,3893.862820879617
East,2023-04-07,9606.93,4,0,4,7,12453.23,13981.21,13573.24,3397.6565933694146
East,2023-04-08,15238.75,5,1,4,8,9606.93,17661.12,12948.342857142858,3699.0116333047386
East,2023-04-09,18479.47,6,1,4,9,15238.75,8902.07,12602.289999999999,3273.4678554045163
East,2023-04-10,10026.18,0,0,4,10,18479.47,11559.64,13970.490000000002,3465.0485524784967
East,2023-04-11,17246.97,1,0,4,11,10026.18,12082.56,13751.424285714285,3684.400086164444
East,2023-04-12,13625.85,2,0,4,12,17246.97,18372.85,14489.197142857143,3809.47052937244
East,2023-04-13,5837.96,3,0,4,13,13625.85,12453.23,13811.054285714286,3403.817927865987
East,2023-04-14,14979.77,4,0,4,14,5837.96,9606.93,12866.015714285715,4564.185201179055
East,2023-04-15,14700.06,5,1,4,15,14979.77,15238.75,13633.564285714285,4372.511123004175
East,2023-04-16,6221.07,6,1,4,16,14700.06,18479.47,13556.608571428571,4344.200305815515
East,2023-04-17,9075.18,0,0,4,17,6221.07,10026.18,11805.408571428572,4497.056614985065
East,2023-04-18,11817.95,1,0,4,18,9075.18,17246.97,11669.551428571429,4573.481583911859
East,2023-04-19,19052.82,2,0,4,19,11817.95,13625.85,10893.977142857144,3877.374943109978
East,2023-04-20,8605.68,3,0,4,20,19052.82,5837.96,11669.25857142857,4917.661658117022
East,2023-04-21,18028.1,4,0,4,21,8605.68,14979.77,12064.647142857142,4460.708517704758
East,2023-04-22,9967.65,5,1,4,22,18028.1,14700.06,12500.122857142856,4918.0768243718785
East,2023-04-23,17361.88,6,1,4,23,9967.65,6221.07,11824.064285714285,4890.45306180268
East,2023-04-24,18518.29,0,0,4,24,17361.88,9075.18,13415.608571428571,4565.120522762527
East,2023-04-25,7349.39,1,0,4,25,18518.29,11817.95,14764.624285714284,4462.829560569756
East,2023-04-26,10790.62,2,0,4,26,7349.39,19052.82,14126.25857142857,5211.38690417253
East,2023-04-27,9173.38,3,0,4,27,10790.62,8605.68,12945.944285714286,4831.404303584541
East,2023-04-28,19964.85,4,0,4,28,9173.38,18028.1,13027.044285714286,4750.493167699738
East,2023-04-29,5850.1,5,1,4,29,19964.85,9967.65,13303.722857142857,5131.436521851406
East,2023-04-30,6950.69,6,1,4,30,5850.1,17361.88,12715.50142857143,5773.429441731109
East,2023-05-01,5304.74,0,0,5,1,6950.69,18518.29,11228.18857142857,5717.7274819151335
East,2023-05-02,6359.53,1,0,5,2,5304.74,7349.39,9340.538571428571,5052.2858164512245
East,2023-05-03,15167.71,2,0,5,3,6359.53,10790.62,9199.13,5130.550922457866
East,2023-05-04,7679.71,3,0,5,4,15167.71,9173.38,9824.42857142857,5601.925789105703
East,2023-05-05,5436.86,4,0,5,5,7679.71,19964.85,9611.047142857144,5659.014451146985
East,2023-05-06,14177.23,5,1,5,6,5436.86,5850.1,7535.62,3469.3296007442013
East,2023-05-07,11083.81,6,1,5,7,14177.23,6950.69,8725.210000000001,4154.949306080633
East,2023-05-08,12939.78,0,0,5,8,11083.81,5304.74,9315.655714285715,4154.421583397041
North,2023-01-08,14137.49,6,1,1,8,12822.42,11673.07,14203.861428571428,3789.562050468051
North,2023-01-09,7607.32,0,0,1,9,14137.49,14736.03,14555.921428571428,3626.2138062650993
North,2023-01-10,9191.87,1,0,1,10,7607.32,19370.75,13537.534285714284,4470.03720191401
North,2023-01-11,7733.71,2,0,1,11,9191.87,17774.55,12083.40857142857,3871.7872032410232
North,2023-01-12,17279.82,3,0,1,12,7733.71,14972.58,10649.002857142857,3216.430876845296
North,2023-01-13,18900.18,4,0,1,13,17279.82,8077.63,10978.608571428573,3798.826632367018
North,2023-01-14,12708.56,5,1,1,14,18900.18,12822.42,12524.687142857143,4549.534908089375
North,2023-01-15,16028.16,6,1,1,15,12708.56,14137.49,12508.421428571428,4548.496448254185
North,2023-01-16,17619.53,0,0,1,16,16028.16,7607.32,12778.517142857143,4714.462729646274
North,2023-01-17,6740.58,1,0,1,17,17619.53,9191.87,14208.832857142857,4391.857186323016
North,2023-01-18,7221.01,2,0,1,18,6740.58,7733.71,13858.64857142857,4924.03862801132
North,2023-01-19,13229.73,3,0,1,19,7221.01,17279.82,13785.405714285715,5032.937514500045
North,2023-01-20,14547.44,4,0,1,20,13229.73,18900.18,13206.82142857143,4791.264377640584
North,2023-01-21,9421.46,5,1,1,21,14547.44,12708.56,12585.001428571428,4171.602241407284
North,2023-01-22,15854.72,6,1,1,22,9421.46,16028.16,12115.415714285715,4337.102412351888
North,2023-01-23,13089.25,0,0,1,23,15854.72,17619.53,12090.638571428572,4311.443597363604
North,2023-01-24,5914.53,1,0,1,24,13089.25,6740.58,11443.455714285714,3629.2317865211144
North,2023-01-25,8394.86,2,0,1,25,5914.53,7221.01,11325.448571428571,3816.2468458658377
North,2023-01-26,16217.45,3,0,1,26,8394.86,13229.73,11493.141428571429,3626.9253980813583
North,2023-01-27,9395.77,4,0,1,27,16217.45,14547.44,11919.958571428573,4019.86045688748
North,2023-01-28,9990.29,5,1,1,28,9395.77,9421.46,11184.005714285715,3929.2100900005216
North,2023-01-29,9161.3,6,1,1,29,9990.29,15854.72,11265.267142857143,3892.3925260552123
North,2023-01-30,10635.42,0,0,1,30,9161.3,13089.25,10309.064285714285,3363.2239082853093
North,2023-01-31,12852.39,1,0,1,31,10635.42,5914.53,9958.517142857143,3146.017130021781
North,2023-02-01,10007.45,2,0,2,1,12852.39,8394.86,10949.64,2724.24115337342
North,2023-02-02,12063.89,3,0,2,2,10007.45,16217.45,11180.009999999998,2533.714926078572
North,2023-02-03,10582.33,4,0,2,3,12063.89,9395.77,10586.644285714285,1381.975033805572
North,2023-02-04,13290.1,5,1,2,4,10582.33,9990.29,10756.152857142855,1280.6141054550678
North,2023-02-05,9566.86,6,1,2,5,13290.1,9161.3,11227.554285714286,1533.9840275880467
North,2023-02-06,18414.66,0,0,2,6,9566.86,10635.42,11285.49142857143,1448.196794355297
North,2023-02-07,16754.3,1,0,2,7,18414.66,12852.39,12396.811428571427,3009.4537265060176
North,2023-02-08,16953.51,2,0,2,8,16754.3,10007.45,12954.227142857142,3438.653788367934
North,2023-02-09,6503.2,3,0,2,9,16953.51,12063.89,13946.521428571428,3448.7744551044434
North,2023-02-10,19686.24,4,0,2,10,6503.2,10582.33,13152.137142857144,4449.825455238719
North,2023-02-11,13755.65,5,1,2,11,19686.24,13290.1,14452.695714285714,4882.897068762413
North,2023-02-12,16947.69,6,1,2,12,13755.65,9566.86,14519.202857142856,4867.569281091313
North,2023-02-13,5987.18,0,0,2,13,16947.69,18414.66,15573.607142857143,4392.206269472152
North,2023-02-14,18230.18,1,0,2,14,5987.18,16754.3,13798.252857142856,5439.265876187442
North,2023-02-15,17375.54,2,0,2,15,18230.18,16953.51,14009.092857142856,5599.200368218407
North,2023-02-16,13127.26,3,0,2,16,17375.54,6503.2,14069.382857142857,5638.3241961677295
North,2023-02-17,11874.0,4,0,2,17,13127.26,19686.24,15015.677142857141,4620.901080426898
North,2023-02-18,13960.95,5,1,2,18,11874.0,13755.65,13899.642857142857,4231.894984317365
North,2023-02-19,19215.32,6,1,2,19,13960.95,16947.69,13928.971428571429,4231.442118570722
North,2023-02-20,12254.37,0,0,2,20,19215.32,5987.18,14252.918571428572,4573.999736964095
North,2023-02-21,13913.87,1,0,2,21,12254.37,18230.18,15148.231428571427,3043.8327822688093
North,2023-02-22,6072.49,2,0,2,22,13913.87,17375.54,14531.615714285716,2737.1896963909107
North,2023-02-23,6363.29,3,0,2,23,6072.49,13127.26,12916.894285714285,3876.6581413242034
North,2023-02-24,14196.02,4,0,2,24,6363.29,11874.0,11950.612857142858,4592.39311023753
North,2023-02-25,11926.29,5,1,2,25,14196.02,13960.95,12282.33,4669.157253384525
North,2023-02-26,14541.41,6,1,2,26,11926.29,19215.32,11991.664285714285,4610.201915606505
North,2023-02-27,6931.68,0,0,2,27,14541.41,12254.37,11323.962857142858,3622.2229629732165
North,2023-02-28,14914.14,1,0,2,28,6931.68,13913.87,10563.578571428572,3939.1665060197197
North,2023-03-01,10132.24,2,0,3,1,14914.14,6072.49,10706.474285714285,4095.977587100368
North,2023-03-02,10437.96,3,0,3,2,10132.24,6363.29,11286.438571428573,3586.16831288135
North,2023-03-03,19144.5,4,0,3,3,10437.96,14196.02,11868.534285714284,2923.3056373328277
North,2023-03-04,5063.96,5,1,3,4,19144.5,11926.29,12575.460000000001,3985.3601815937936
North,2023-03-05,16825.07,6,1,3,5,5063.96,14541.41,11595.127142857144,4908.706850209172
North,2023-03-06,16023.89,0,0,3,6,16825.07,6931.68,11921.364285714284,5204.150948181834
North,2023-03-07,10931.05,1,0,3,7,16023.89,14914.14,13220.25142857143,4875.502296257715
North,2023-03-08,19650.02,2,0,3,8,10931.05,10132.24,12651.238571428572,4877.292471441601
North,2023-03-09,10092.66,3,0,3,9,19650.02,10437.96,14010.921428571428,5360.726264383175
North,2023-03-10,12158.73,4,0,3,10,10092.66,19144.5,13961.592857142858,5400.524705784655
North,2023-03-11,11020.5,5,1,3,11,12158.73,5063.96,12963.625714285712,4905.952535600184
North,2023-03-12,9275.7,6,1,3,12,11020.5,16825.07,13814.56,3667.710837457059
North,2023-03-13,15864.93,0,0,3,13,9275.7,16023.89,12736.078571428572,3744.0806842331262
North,2023-03-14,15491.4,1,0,3,14,15864.93,10931.05,12713.37,3721.2282591011954
North,2023-03-15,8340.21,2,0,3,15,15491.4,19650.02,13364.848571428573,3756.218274037633
North,2023-03-16,11018.0,3,0,3,16,8340.21,10092.66,11749.16142857143,2947.47215466309
North,2023-03-17,9124.82,4,0,3,17,11018.0,12158.73,11881.352857142858,2880.793601606532
North,2023-03-18,11647.83,5,1,3,18,9124.82,11020.5,11447.937142857143,3055.0619659221
North,2023-03-19,17313.54,6,1,3,19,11647.83,9275.7,11537.555714285714,3049.6299206781196
North,2023-03-20,19034.59,0,0,3,20,17313.54,15864.93,12685.818571428574,3531.239300667817
North,2023-03-21,5614.43,1,0,3,21,19034.59,15491.4,13138.627142857144,4154.973043473381
North,2023-03-22,8875.37,2,0,3,22,5614.43,8340.21,11727.631428571429,4842.940672413227
North,2023-03-23,12404.33,3,0,3,23,8875.37,11018.0,11804.082857142857,4784.424446659229
North,2023-03-24,13551.52,4,0,3,24,12404.33,9124.82,12002.130000000001,4775.145990672256
North,2023-03-25,17174.11,5,1,3,25,13551.52,11647.83,12634.515714285715,4621.226931021157
North,2023-03-26,6996.88,6,1,3,26,17174.11,17313.54,13423.984285714285,4888.864443664657
North,2023-03-27,8590.47,0,0,3,27,6996.88,19034.59,11950.175714285715,5072.478309458658
North,2023-03-28,16272.95,1,0,3,28,8590.47,5614.43,10458.158571428572,4080.361663555609
North,2023-03-29,7582.23,2,0,3,29,16272.95,8875.37,11980.804285714286,3958.472999317864
North,2023-03-30,15444.44,3,0,3,30,7582.23,12404.33,11796.069999999998,4152.948696765548
North,2023-03-31,8098.18,4,0,3,31,15444.44,13551.52,12230.371428571429,4379.9200255462365
North,2023-04-01,19892.73,5,1,4,1,8098.18,17174.11,11451.322857142859,4585.908712188219
North,2023-04-02,11647.7,6,1,4,2,19892.73,6996.88,11839.697142857143,5222.301090316778
North,2023-04-03,16379.32,0,0,4,3,11647.7,8590.47,12504.1,4780.664859535751
North,2023-04-04,13395.02,1,0,4,4,16379.32,16272.95,13616.792857142858,4621.737975883507
North,2023-04-05,8002.24,2,0,4,5,13395.02,7582.23,13205.66,4471.6434778017165
North,2023-04-06,18649.49,3,0,4,6,8002.24,15444.44,13265.66142857143,4385.601172908254
North,2023-04-07,19286.31,4,0,4,7,18649.49,8098.18,13723.525714285715,4798.8200282495
North,2023-04-08,19351.14,5,1,4,8,19286.31,19892.73,15321.83,4464.490647640177
North,2023-04-09,18705.8,6,1,4,9,19351.14,11647.7,15244.460000000001,4375.887908089809
North,2023-04-10,11677.56,0,0,4,10,18705.8,16379.32,16252.76,4219.3577665524635
North,2023-04-11,8317.55,1,0,4,11,11677.56,13395.02,15581.08,4556.611299759937
North,2023-04-12,15278.88,2,0,4,12,8317.55,8002.24,14855.727142857144,5305.237845568951
North,2023-04-13,9385.36,3,0,4,13,15278.88,18649.49,15895.247142857144,4368.787991704001
North,2023-04-14,12210.41,4,0,4,14,9385.36,19286.31,14571.800000000001,4779.296350157969
North,2023-04-15,19459.06,5,1,4,15,12210.41,19351.14,13560.957142857142,4344.478810991844
North,2023-04-16,16338.03,6,1,4,16,19459.06,18705.8,13576.374285714284,4368.575527010515
North,2023-04-17,5186.6,0,0,4,17,16338.03,11677.56,13238.121428571429,3979.563250104328
North,2023-04-18,6926.85,1,0,4,18,5186.6,8317.55,12310.841428571428,5023.183750091264
North,2023-04-19,11926.77,2,0,4,19,6926.85,15278.88,12112.17,5230.661921732913
North,2023-04-20,16881.01,3,0,4,20,11926.77,9385.36,11633.297142857144,5042.486676226701
North,2023-04-21,10331.66,4,0,4,21,16881.01,12210.41,12704.104285714286,5276.029197416861
North,2023-04-22,6481.76,5,1,4,22,10331.66,19459.06,12435.71142857143,5352.560435789672
North,2023-04-23,16661.91,6,1,4,23,6481.76,16338.03,10581.81142857143,4725.161642749832
North,2023-04-24,5970.25,0,0,4,24,16661.91,5186.6,10628.08,4792.032905980509
North,2023-04-25,10247.8,1,0,4,25,5970.25,6926.85,10740.029999999999,4650.796031021642
North,2023-04-26,13776.44,2,0,4,26,10247.8,11926.77,11214.451428571429,4357.098444880599
North,2023-04-27,16361.19,3,0,4,27,13776.44,16881.01,11478.69,4462.313949152389
North,2023-04-28,17545.58,4,0,4,28,16361.19,10331.66,11404.430000000002,4360.592806014643
North,2023-04-29,13612.48,5,1,4,29,17545.58,6481.76,12434.99,4885.644416273727
North,2023-04-30,17544.37,6,1,4,30,13612.48,16661.91,13453.664285714287,4121.05937711351
North,2023-05-01,14228.74,0,0,5,1,17544.37,5970.25,13579.73,4247.127795455805
North,2023-05-02,19530.83,1,0,5,2,14228.74,10247.8,14759.514285714287,2614.139707104774
North,2023-05-03,8604.29,2,0,5,3,19530.83,13776.44,16085.66142857143,2276.751435250275
North,2023-05-04,11378.46,3,0,5,4,8604.29,16361.19,15346.782857142856,3603.664954606221
North,2023-05-05,18981.15,4,0,5,5,11378.46,17545.58,14634.964285714286,3853.3572229717424
North,2023-05-06,18691.8,5,1,5,6,18981.15,13612.48,14840.045714285714,4066.394984245279
North,2023-05-07,8224.96,6,1,5,7,18691.8,17544.37,15565.662857142857,4259.4377726788925
North,2023-05-08,11013.95,0,0,5,8,8224.96,14228.74,14234.31857142857,4939.975608338657
South,2023-01-08,5427.26,6,1,1,8,5838.27,7670.67,10731.557142857144,4767.542529048953
South,2023-01-09,6238.77,0,0,1,9,5427.26,10056.76,10411.070000000002,5073.202877456542
South,2023-01-10,17353.42,1,0,1,10,6238.77,12415.6,9865.642857142857,5317.023618400038
South,2023-01-11,9342.75,2,0,1,11,17353.42,19892.74,10571.045714285716,5995.912687355883
South,2023-01-12,11649.28,3,0,1,12,9342.75,7036.06,9063.904285714287,4366.925171707805
South,2023-01-13,9406.47,4,0,1,13,11649.28,12210.8,9722.935714285715,4357.980627572276
South,2023-01-14,5088.0,5,1,1,14,9406.47,5838.27,9322.317142857142,4217.803260536281
South,2023-01-15,5530.08,6,1,1,15,5088.0,5427.26,9215.135714285714,4329.157505215295
South,2023-01-16,9759.5,0,0,1,16,5530.08,6238.77,9229.824285714287,4314.312443124078
South,2023-01-17,9445.97,1,0,1,17,9759.5,17353.42,9732.785714285714,4107.779415798993
South,2023-01-18,18555.45,2,0,1,18,9445.97,9342.75,8603.15,2391.6092483792895
South,2023-01-19,17472.8,3,0,1,19,18555.45,11649.28,9919.25,4485.071560960131
South,2023-01-20,14478.65,4,0,1,20,17472.8,9406.47,10751.18142857143,5321.552811136454
South,2023-01-21,13044.78,5,1,1,21,14478.65,5088.0,11475.778571428571,5451.66689981278
South,2023-01-22,15075.74,6,1,1,22,13044.78,5530.08,12612.461428571429,4671.504877094135
South,2023-01-23,10772.79,0,0,1,23,15075.74,9759.5,13976.127142857144,3507.807298459225
South,2023-01-24,7468.96,1,0,1,24,10772.79,9445.97,14120.882857142857,3320.718223766831
South,2023-01-25,10360.93,2,0,1,25,7468.96,18555.45,13838.452857142856,3829.6631198915056
South,2023-01-26,18839.53,3,0,1,26,10360.93,17472.8,12667.807142857142,3372.638460926966
South,2023-01-27,6999.76,4,0,1,27,18839.53,14478.65,12863.054285714286,3718.9491721311874
South,2023-01-28,19833.09,5,1,1,28,6999.76,13044.78,11794.641428571429,4218.234737523225
South,2023-01-29,17349.89,6,1,1,29,19833.09,15075.74,12764.4,5215.8702211743475
South,2023-01-30,11255.85,0,0,1,30,17349.89,10772.79,13089.278571428571,5449.425295785568
South,2023-01-31,14825.32,1,0,1,31,11255.85,7468.96,13158.287142857143,5418.170387233174
South,2023-02-01,6050.08,2,0,2,1,14825.32,10360.93,14209.195714285714,4810.043580890083
South,2023-02-02,14428.32,3,0,2,2,6050.08,18839.53,13593.36,5596.522139430284
South,2023-02-03,8133.95,4,0,2,3,14428.32,6999.76,12963.187142857143,5136.817985003669
South,2023-02-04,14862.42,5,1,2,4,8133.95,19833.09,13125.214285714286,4931.137336608589
South,2023-02-05,6179.61,6,1,2,5,14862.42,17349.89,12415.118571428571,4090.4223136958567
South,2023-02-06,11312.55,0,0,2,6,6179.61,11255.85,10819.364285714286,4022.7251156351626
South,2023-02-07,13232.45,1,0,2,7,11312.55,14825.32,10827.464285714286,4023.807426550373
South,2023-02-08,13153.7,2,0,2,8,13232.45,6050.08,10599.91142857143,3798.7893047190246
South,2023-02-09,8791.73,3,0,2,9,13153.7,14428.32,11614.714285714286,3296.3843135818665
South,2023-02-10,19975.27,4,0,2,10,8791.73,8133.95,10809.48714285714,3180.9596339716686
South,2023-02-11,16161.44,5,1,2,11,19975.27,14862.42,12501.104285714286,4425.929688272125
South,2023-02-12,18787.23,6,1,2,12,16161.44,6179.61,12686.67857142857,4566.441038768336
South,2023-02-13,19151.37,0,0,2,13,18787.23,11312.55,14487.767142857143,4026.612484619109
South,2023-02-14,19956.94,1,0,2,14,19151.37,13232.45,15607.598571428573,4085.965396200463
South,2023-02-15,13896.2,2,0,2,15,19956.94,13153.7,16568.239999999998,4222.682712833945
South,2023-02-16,9373.05,3,0,2,16,13896.2,8791.73,16674.31142857143,4130.945252479259
South,2023-02-17,16539.95,4,0,2,17,9373.05,19975.27,16757.35714285714,3947.8539404243134
South,2023-02-18,5207.61,5,1,2,18,16539.95,16161.44,16266.597142857141,3686.002565470772
South,2023-02-19,16086.75,6,1,2,19,5207.61,18787.23,14701.764285714284,5577.767100754735
South,2023-02-20,19425.37,0,0,2,20,16086.75,19151.37,14315.981428571427,5336.2638524484155
South,2023-02-21,6323.81,1,0,2,21,19425.37,19956.94,14355.124285714284,5378.482053702069
South,2023-02-22,16875.07,2,0,2,22,6323.81,13896.2,12407.534285714286,5479.329907546046
South,2023-02-23,12833.57,3,0,2,23,16875.07,9373.05,12833.087142857143,5724.412932408336
South,2023-02-24,5793.8,4,0,2,24,12833.57,16539.95,13327.447142857143,5521.636548771007
South,2023-02-25,15023.01,5,1,2,25,5793.8,5207.61,11792.282857142858,5956.360466444573
South,2023-02-26,16942.36,6,1,2,26,15023.01,16086.75,13194.482857142857,5262.855805760195
South,2023-02-27,15728.02,0,0,2,27,16942.36,19425.37,13316.712857142858,5350.431447328068
South,2023-02-28,5630.89,1,0,2,28,15728.02,6323.81,12788.52,4801.189023273297
South,2023-03-01,9292.04,2,0,3,1,5630.89,16875.07,12689.531428571428,4961.167485163911
South,2023-03-02,5077.74,3,0,3,2,9292.04,12833.57,11606.24142857143,4716.790773408788
South,2023-03-03,8918.98,4,0,3,3,5077.74,5793.8,10498.265714285715,5260.07628900905
South,2023-03-04,14771.42,5,1,3,4,8918.98,15023.01,10944.72,4915.575773379281
South,2023-03-05,9585.33,6,1,3,5,14771.42,16942.36,10908.778571428571,4881.588746929385
South,2023-03-06,5027.73,0,0,3,6,9585.33,15728.02,9857.774285714286,4094.602002856348
South,2023-03-07,16405.44,1,0,3,7,5027.73,5630.89,8329.161428571428,3490.6431011463956
South,2023-03-08,11963.37,2,0,3,8,16405.44,9292.04,9868.382857142857,4367.850809710705
South,2023-03-09,6234.48,3,0,3,9,11963.37,5077.74,10250.001428571428,4425.420791229643
South,2023-03-10,16335.32,4,0,3,10,6234.48,8918.98,10415.25,4216.773440716649
South,2023-03-11,8304.32,5,1,3,11,16335.32,14771.42,11474.727142857142,4683.980352939561
South,2023-03-12,9309.93,6,1,3,12,8304.32,9585.33,10550.855714285715,4561.552375046814
South,2023-03-13,15290.1,0,0,3,13,9309.93,5027.73,10511.512857142856,4572.442493211238
South,2023-03-14,9691.11,1,0,3,14,15290.1,16405.44,11977.565714285714,4146.509092404749
South,2023-03-15,11928.48,2,0,3,15,9691.11,11963.37,11018.375714285716,3704.5628795439875
South,2023-03-16,19247.75,3,0,3,16,11928.48,6234.48,11013.391428571427,3703.1027188941107
South,2023-03-17,11345.48,4,0,3,17,19247.75,16335.32,12872.430000000002,4144.319691867416
South,2023-03-18,14733.43,5,1,3,18,11345.48,8304.32,12159.595714285713,3869.439114578312
South,2023-03-19,6500.04,6,1,3,19,14733.43,9309.93,13078.039999999999,3551.8081574507037
South,2023-03-20,15379.94,0,0,3,20,6500.04,15290.1,12676.627142857144,4156.030802314933
South,2023-03-21,12630.11,1,0,3,21,15379.94,9691.11,12689.46142857143,4165.57437366257
South,2023-03-22,19259.99,2,0,3,22,12630.11,11928.48,13109.318571428574,3955.8292500874763
South,2023-03-23,13549.94,3,0,3,23,19259.99,19247.75,14156.677142857141,4521.230838786106
South,2023-03-24,13425.44,4,0,3,24,13549.94,11345.48,13342.704285714284,3925.5660785881487
South,2023-03-25,17328.41,5,1,3,25,13425.44,14733.43,13639.841428571428,3826.6678543149847
South,2023-03-26,13429.68,6,1,3,26,17328.41,6500.04,14010.552857142859,4068.3316523923136
South,2023-03-27,14148.97,0,0,3,27,13429.68,15379.94,15000.501428571428,2462.3009998605617
South,2023-03-28,12904.91,1,0,3,28,14148.97,12630.11,14824.648571428572,2474.6117485471646
South,2023-03-29,10178.34,2,0,3,29,12904.91,19259.99,14863.905714285715,2435.8718019965545
South,2023-03-30,14022.44,3,0,3,30,10178.34,13549.94,13566.527142857143,2099.502303211525
South,2023-03-31,18954.96,4,0,3,31,14022.44,13425.44,13634.027142857143,2106.464145479457
South,2023-04-01,8994.55,5,1,4,1,18954.96,17328.41,14423.95857142857,2901.8391702012564
South,2023-04-02,14734.31,6,1,4,2,8994.55,13429.68,13233.407142857142,3205.3282157563567
South,2023-04-03,17354.33,0,0,4,3,14734.31,14148.97,13419.782857142856,3256.1687309971867
South,2023-04-04,10848.45,1,0,4,4,17354.33,12904.91,13877.691428571428,3584.619792481156
South,2023-04-05,14864.68,2,0,4,5,10848.45,10178.34,13583.91142857143,3757.7219926857692
South,2023-04-06,11810.61,3,0,4,6,14864.68,14022.44,14253.388571428572,3455.138716720499
South,2023-04-07,7301.61,4,0,4,7,11810.61,18954.96,13937.412857142857,3578.706625140406
South,2023-04-08,14211.13,5,1,4,8,7301.61,8994.55,12272.64857142857,3566.063796215791
South,2023-04-09,8219.75,6,1,4,9,14211.13,14734.31,13017.874285714288,3302.1487055242173
South,2023-04-10,6949.37,0,0,4,10,8219.75,17354.33,12087.222857142859,3638.639328323685
South,2023-04-11,9366.02,1,0,4,11,6949.37,10848.45,10600.800000000001,3230.7667027451375
South,2023-04-12,15956.7,2,0,4,12,9366.02,14864.68,10389.024285714286,3260.2793688877737
South,2023-04-13,19234.91,3,0,4,13,15956.7,11810.61,10545.027142857143,3525.471361528436
South,2023-04-14,10734.16,4,0,4,14,19234.91,7301.61,11605.641428571429,4841.000850149444
South,2023-04-15,6735.93,5,1,4,15,10734.16,14211.13,12096.005714285715,4493.761023170005
South,2023-04-16,16180.79,6,1,4,16,6735.93,8219.75,11028.119999999999,4786.044477220553
South,2023-04-17,18483.49,0,0,4,17,16180.79,6949.37,12165.41142857143,4950.528152717408
South,2023-04-18,13408.05,1,0,4,18,18483.49,9366.02,13813.142857142857,4843.419428639629
South,2023-04-19,6225.67,2,0,4,19,13408.05,15956.7,14390.575714285715,4449.821497453046
South,2023-04-20,19342.14,3,0,4,20,6225.67,19234.91,13000.42857142857,5314.929360591821
South,2023-04-21,7237.39,4,0,4,21,19342.14,10734.16,13015.747142857143,5336.005797069299
South,2023-04-22,5602.27,5,1,4,22,7237.39,6735.93,12516.208571428573,5734.032134075838
South,2023-04-23,19091.93,6,1,4,23,5602.27,16180.79,12354.257142857143,5936.919451440325
South,2023-04-24,5113.49,0,0,4,24,19091.93,18483.49,12770.134285714286,6338.050182229698
South,2023-04-25,18118.94,1,0,4,25,5113.49,13408.05,10860.134285714286,6343.8992855967745
South,2023-04-26,19184.22,2,0,4,26,18118.94,6225.67,11533.11857142857,6885.956479721194
South,2023-04-27,17684.13,3,0,4,27,19184.22,19342.14,13384.34,6962.753013145495
South,2023-04-28,16554.94,4,0,4,28,17684.13,7237.39,13147.481428571427,6751.292178248618
South,2023-04-29,12979.33,5,1,4,29,16554.94,5602.27,14478.56,6294.95669213591
South,2023-04-30,10868.61,6,1,4,30,12979.33,19091.93,15532.425714285713,5057.067898129829
South,2023-05-01,9310.34,0,0,5,1,10868.61,5113.49,14357.665714285715,5047.512476645823
South,2023-05-02,12148.61,1,0,5,2,9310.34,18118.94,14957.215714285714,3880.9102030187773
South,2023-05-03,5932.16,2,0,5,3,12148.61,19184.22,14104.31142857143,3723.090776462611
South,2023-05-04,6429.42,3,0,5,4,5932.16,17684.13,12211.16,4063.226573705519
South,2023-05-05,7272.26,4,0,5,5,6429.42,16554.94,10603.344285714285,3751.410364662239
South,2023-05-06,5267.28,5,1,5,6,7272.26,12979.33,9277.247142857143,2822.6280275286936
South,2023-05-07,17397.79,6,1,5,7,5267.28,10868.61,8175.5257142857145,2635.692892870607
South,2023-05-08,17394.83,0,0,5,8,17397.79,9310.34,9108.265714285715,4347.196230245646
West,2023-01-08,10592.89,6,1,1,8,5093.36,14250.36,11725.557142857142,5663.9116936698865
West,2023-01-09,17408.0,0,0,1,9,10592.89,10106.33,11203.061428571427,5559.926064123001
West,2023-01-10,15824.2,1,0,1,10,17408.0,8483.0,12246.157142857144,5988.304840767306
West,2023-01-11,12395.2,2,0,1,11,15824.2,6499.03,13294.9,5860.898354612542
West,2023-01-12,10709.46,3,0,1,12,12395.2,19496.84,14137.210000000001,5095.0954393907095
West,2023-01-13,14101.14,4,0,1,13,10709.46,18149.98,12881.869999999999,4614.337654445472
West,2023-01-14,5846.47,5,1,1,14,14101.14,5093.36,12303.464285714286,4064.981264900891
West,2023-01-15,19355.84,6,1,1,15,5846.47,10592.89,12411.051428571429,3846.4395342898124
West,2023-01-16,19366.14,0,0,1,16,19355.84,17408.0,13662.901428571431,4522.629414210383
West,2023-01-17,16095.47,1,0,1,17,19366.14,15824.2,13942.635714285714,4842.149469474128
West,2023-01-18,10251.54,2,0,1,18,16095.47,12395.2,13981.388571428572,4860.767561494888
West,2023-01-19,5504.23,3,0,1,19,10251.54,10709.46,13675.151428571427,5041.522183978527
West,2023-01-20,8542.87,4,0,1,20,5504.23,14101.14,12931.547142857144,5867.987667499295
West,2023-01-21,16088.06,5,1,1,21,8542.87,5846.47,12137.508571428572,6056.384158306089
West,2023-01-22,17903.8,6,1,1,22,16088.06,19355.84,13600.592857142858,5494.301825994256
West,2023-01-23,15099.69,0,0,1,23,17903.8,19366.14,13393.15857142857,5263.3581563086655
West,2023-01-24,6863.91,1,0,1,24,15099.69,16095.47,12783.665714285713,4669.992970368932
West,2023-01-25,14013.41,2,0,1,25,6863.91,10251.54,11464.871428571427,4877.737480524582
West,2023-01-26,13248.68,3,0,1,26,14013.41,5504.23,12002.281428571428,4928.744713604161
West,2023-01-27,18296.46,4,0,1,27,13248.68,8542.87,13108.631428571429,4010.733754237616
West,2023-01-28,11270.73,5,1,1,28,18296.46,16088.06,14502.001428571428,3851.2539007853393
West,2023-01-29,15279.16,6,1,1,29,11270.73,17903.8,13813.811428571427,3949.751776383881
West,2023-01-30,12322.25,0,0,1,30,15279.16,15099.69,13438.862857142858,3606.437981192867
West,2023-01-31,12437.54,1,0,1,31,12322.25,6863.91,13042.085714285715,3545.5329227957504
West,2023-02-01,13707.12,2,0,2,1,12437.54,14013.41,13838.318571428574,2351.685043548056
West,2023-02-02,14488.23,3,0,2,2,13707.12,13248.68,13794.562857142857,2350.733551587067
West,2023-02-03,19733.71,4,0,2,3,14488.23,18296.46,13971.641428571429,2349.445950697232
West,2023-02-04,7743.17,5,1,2,4,19733.71,11270.73,14176.962857142857,2808.370167147453
West,2023-02-05,14833.73,6,1,2,5,7743.17,15279.16,13673.025714285715,3616.8930169269925
West,2023-02-06,13486.7,0,0,2,6,14833.73,12322.25,13609.392857142857,3587.727081940665
West,2023-02-07,16281.4,1,0,2,7,13486.7,12437.54,13775.742857142857,3544.8395410780554
West,2023-02-08,11161.62,2,0,2,8,16281.4,13707.12,14324.865714285714,3600.280166805806
West,2023-02-09,16415.67,3,0,2,9,11161.62,14488.23,13961.222857142857,3796.2912705591775
West,2023-02-10,13050.02,4,0,2,10,16415.67,19733.71,14236.57142857143,3909.109465157116
West,2023-02-11,14067.37,5,1,2,11,13050.02,7743.17,13281.758571428572,3068.5099407118796
West,2023-02-12,11606.26,6,1,2,12,14067.37,14833.73,14185.215714285714,1858.4087201945765
West,2023-02-13,14998.68,0,0,2,13,11606.26,13486.7,13724.148571428572,2060.11566235514
West,2023-02-14,14755.03,1,0,2,14,14998.68,16281.4,13940.145714285714,2109.7363354999075
West,2023-02-15,9860.71,2,0,2,15,14755.03,11161.62,13722.092857142856,1895.4181535632574
West,2023-02-16,12561.42,3,0,2,16,9860.71,16415.67,13536.248571428572,2223.666247764629
West,2023-02-17,8593.03,4,0,2,17,12561.42,13050.02,12985.641428571429,1835.0837804982166
West,2023-02-18,14723.03,5,1,2,18,8593.03,14067.37,12348.92857142857,2471.782845555199
West,2023-02-19,12537.14,6,1,2,19,14723.03,11606.26,12442.594285714285,2558.6508945461683
West,2023-02-20,5634.61,0,0,2,20,12537.14,14998.68,12575.577142857142,2531.9906257574917
West,2023-02-21,14275.91,1,0,2,21,5634.61,14755.03,11237.852857142858,3372.5586909482354
West,2023-02-22,14688.62,2,0,2,22,14275.91,9860.71,11169.407142857144,3293.209558615598
West,2023-02-23,13916.43,3,0,2,23,14688.62,12561.42,11859.108571428571,3474.0401475296194
West,2023-02-24,12005.5,4,0,2,24,13916.43,8593.03,12052.68142857143,3556.4675039633944
West,2023-02-25,18470.64,5,1,2,25,12005.5,14723.03,12540.177142857143,3221.2896025335062
West,2023-02-26,6710.26,6,1,2,26,18470.64,12537.14,13075.550000000001,3887.1457963223684
West,2023-02-27,19731.41,0,0,2,27,6710.26,5634.61,12243.138571428572,4583.231840129948
West,2023-02-28,5568.24,1,0,2,28,19731.41,14275.91,14256.967142857142,4282.699793065561
West,2023-03-01,6263.26,2,0,3,1,5568.24,14688.62,13013.014285714284,5396.152868182594
West,2023-03-02,16494.5,3,0,3,2,6263.26,13916.43,11809.391428571427,5878.227726008434
West,2023-03-03,8984.09,4,0,3,3,16494.5,12005.5,12177.687142857143,6108.498258510336
West,2023-03-04,15099.64,5,1,3,4,8984.09,18470.64,11746.057142857142,6228.266063490208
West,2023-03-05,16448.19,6,1,3,5,15099.64,6710.26,11264.485714285713,5732.23218646354
West,2023-03-06,12039.91,0,0,3,6,16448.19,19731.41,12655.618571428571,5623.373526610246
West,2023-03-07,7876.61,1,0,3,7,12039.91,5568.24,11556.832857142857,4683.213663385839
West,2023-03-08,6113.36,2,0,3,8,7876.61,6263.26,11886.6,4252.734661203306
West,2023-03-09,10084.18,3,0,3,9,6113.36,16494.5,11865.185714285715,4286.0169919590735
West,2023-03-10,11414.21,4,0,3,10,10084.18,8984.09,10949.425714285713,3787.936243025821
West,2023-03-11,17953.26,5,1,3,11,11414.21,15099.64,11296.585714285715,3687.831462855722
West,2023-03-12,17948.43,6,1,3,12,17953.26,16448.19,11704.245714285715,4287.2949767767595
West,2023-03-13,18959.58,0,0,3,13,17948.43,12039.91,11918.565714285713,4590.727754190531
West,2023-03-14,19648.69,1,0,3,14,18959.58,7876.61,12907.09,5309.88988853818
West,2023-03-15,11446.4,2,0,3,15,19648.69,6113.36,14588.815714285713,5315.317733578608
West,2023-03-16,8132.02,3,0,3,16,11446.4,10084.18,15350.67857142857,4153.191494065853
West,2023-03-17,14991.26,4,0,3,17,8132.02,11414.21,15071.798571428571,4606.5642204989335
West,2023-03-18,6237.54,5,1,3,18,14991.26,17953.26,15582.805714285714,4322.870144336425
West,2023-03-19,18799.96,6,1,3,19,6237.54,17948.43,13909.131428571429,5388.720877228746
West,2023-03-20,18316.99,0,0,3,20,18799.96,18959.58,14030.778571428571,5503.4922417571315
West,2023-03-21,17333.58,1,0,3,21,18316.99,19648.69,13938.979999999998,5412.179123276808
West,2023-03-22,11755.49,2,0,3,22,17333.58,11446.4,13608.25,5064.697123557011
West,2023-03-23,18024.88,3,0,3,23,11755.49,8132.02,13652.405714285715,5044.013247166906
West,2023-03-24,17996.65,4,0,3,24,18024.88,14991.26,15065.67142857143,4606.427591168772
West,2023-03-25,5319.75,5,1,3,25,17996.65,6237.54,15495.012857142856,4736.556604495555
West,2023-03-26,18141.49,6,1,3,26,5319.75,18799.96,15363.900000000003,5038.595162139277
West,2023-03-27,13153.59,0,0,3,27,18141.49,18316.99,15269.832857142857,4969.426605765545
West,2023-03-28,16527.35,1,0,3,28,13153.59,17333.58,14532.204285714284,4822.790522646465
West,2023-03-29,12958.54,2,0,3,29,16527.35,11755.49,14417.028571428573,4753.873735605622
West,2023-03-30,11813.66,3,0,3,30,12958.54,18024.88,14588.892857142857,4662.483833418672
West,2023-03-31,6302.23,4,0,3,31,11813.66,17996.65,13701.575714285715,4487.336269302227
West,2023-04-01,10037.06,5,1,4,1,6302.23,5319.75,12030.944285714288,4788.575102114954
West,2023-04-02,14116.07,6,1,4,2,10037.06,18141.49,12704.845714285717,3944.1761477688306
West,2023-04-03,6953.72,0,0,4,3,14116.07,13153.59,12129.785714285714,3252.1466699646103
West,2023-04-04,19901.65,1,0,4,4,6953.72,16527.35,11244.09,3735.2159811002457
West,2023-04-05,16273.73,2,0,4,5,19901.65,12958.54,11726.132857142857,4639.054901341128
West,2023-04-06,14763.76,3,0,4,6,16273.73,11813.66,12199.731428571427,4944.975992963055
West,2023-04-07,15179.27,4,0,4,7,14763.76,6302.23,12621.174285714285,5031.5441337653565
West,2023-04-08,19906.71,5,1,4,8,15179.27,10037.06,13889.322857142857,4228.002077876003
West,2023-04-09,14925.14,6,1,4,9,19906.71,14116.07,15299.272857142858,4372.438589470463
West,2023-04-10,16981.45,0,0,4,10,14925.14,6953.72,15414.854285714287,4346.565852090807
West,2023-04-11,8694.93,1,0,4,11,16981.45,19901.65,16847.387142857144,2230.627126428151
West,2023-04-12,19747.35,2,0,4,12,8694.93,16273.73,15246.427142857141,3392.3126250721334
West,2023-04-13,6464.19,3,0,4,13,19747.35,14763.76,15742.658571428572,3797.497984815914
West,2023-04-14,10760.59,4,0,4,14,6464.19,15179.27,14557.005714285715,5193.221116711851
West,2023-04-15,5592.51,5,1,4,15,10760.59,19906.71,13925.765714285715,5370.499437879302
West,2023-04-16,16436.63,6,1,4,16,5592.51,14925.14,11880.88,5438.353587146881
West,2023-04-17,18460.39,0,0,4,17,16436.63,16981.45,12096.807142857142,5606.768318005524
West,2023-04-18,13021.94,1,0,4,18,18460.39,8694.93,12308.084285714285,5844.343284335881
West,2023-04-19,9882.18,2,0,4,19,13021.94,19747.35,12926.228571428572,5623.137915993255
West,2023-04-20,8755.23,3,0,4,20,9882.18,6464.19,11516.91857142857,4805.44017343687
West,2023-04-21,6362.64,4,0,4,21,8755.23,10760.59,11844.210000000001,4470.282458588796
West,2023-04-22,7556.05,5,1,4,22,6362.64,5592.51,11215.93142857143,4933.065158950128
West,2023-04-23,13325.79,6,1,4,23,7556.05,16436.63,11496.437142857143,4604.922556213496
West,2023-04-24,12935.72,0,0,4,24,13325.79,18460.39,11052.031428571428,4179.123150261027
West,2023-04-25,15674.78,1,0,4,25,12935.72,13021.94,10262.792857142858,2860.49660849135
West,2023-04-26,15241.53,2,0,4,26,15674.78,9882.18,10641.77,3409.9362466669913
West,2023-04-27,11178.34,3,0,4,27,15241.53,8755.23,11407.391428571429,3791.296460849198
West,2023-04-28,5657.51,4,0,4,28,11178.34,6362.64,11753.550000000001,3615.321496584598
West,2023-04-29,18481.65,5,1,4,29,5657.51,7556.05,11652.817142857142,3795.876280824211
West,2023-04-30,7376.49,6,1,4,30,18481.65,13325.79,13213.617142857143,4067.121035899617
West,2023-05-01,13347.71,0,0,5,1,7376.49,12935.72,12363.717142857142,4623.3465798766565
West,2023-05-02,10089.49,1,0,5,2,13347.71,15674.78,12422.572857142859,4634.450853742779
West,2023-05-03,10920.74,2,0,5,3,10089.49,15241.53,11624.674285714285,4458.675769418009
West,2023-05-04,10809.58,3,0,5,4,10920.74,11178.34,11007.41857142857,4163.844049346828
West,2023-05-05,5799.03,4,0,5,5,10809.58,5657.51,10954.738571428572,4163.65390997871
West,2023-05-06,13066.79,5,1,5,6,5799.03,18481.65,10974.955714285714,4133.8828095381805
West,2023-05-07,11617.34,6,1,5,7,13066.79,7376.49,10201.404285714283,2780.0048378006973
West,2023-05-08,9691.07,0,0,5,8,11617.34,13347.71,10807.24,2510.844354183145
